id;given_name;mid_name;surname;ssn;gender;address;birth_date;phone_num;salary;hire_date;role;dep_id;sup_id
1;Anand;;Byamba;1234567890;M;123 Main St;2003-07-24;555-1234;0.0;2019-07-25;Chairman;;
2;Elon;Reeve;Musk;2234567890;M;456 Oak Ave;1971-06-28;555-5678;0.0;2020-07-15;CEO;;1
3;Dias;;Bakytbek;2642482462;M;789 Barys St;2003-03-07;555-2736;200000.0;2020-01-01;CTO;1;2
4;Nasa;;Otgoo;7862424624;F;463 Khunnu St;2002-02-26;555-2647;180000.0;2019-08-11;CSO;5;2
5;Jamie;;Dimon;4990627849;M;58 S Main St;1956-03-13;555-8237;180000.0;2019-07-26;CFO;2;2
6;Sundar;;Pichai;5190598362;M;101 Tech Park;1972-06-10;555-9000;190000.0;2015-08-10;COO;1;3
7;Mary;;Barra;6842061547;F;77 Executive Blvd;1961-12-24;555-3355;210000.0;2014-04-01;CMO;4;2
8;Peter;;Fisher;7490875490;M;7593 Juan Throughway Apt. 948;2000-05-28;(411)578-1565;164070.21;2018-12-04;Manager;4;7
9;Mr.;Sean;Green;1060308648;M;097 Sanchez Islands Apt. 393;1975-09-07;(871)158-7148;88193.13;2020-05-25;Analyst;2;1
10;Kimberly;;Olsen;3320500417;F;1965 Kelly Field Apt. 094;1991-11-16;122-018-6848;143152.99;2019-06-15;Engineer;1;4
11;Stephanie;;Lawrence;9374176372;F;7515 Tom Roads Suite 330;1977-11-21;352-560-1230;183016.67;2025-03-17;Specialist;5;3
12;Taylor;;Guzman;1317814271;F;399 Peter Land;1967-05-06;9032173008;96069.18;2022-09-08;Designer;4;3
13;Russell;;Jones;9899050639;M;6208 Williams Courts Suite 345;1991-06-12;001-230-225-8419;125302.04;2022-12-21;Engineer;1;4
14;Adam;;Maldonado;9235647582;M;4280 Harmon Isle Apt. 842;1975-10-15;001-759-459-9246;87105.81;2021-02-18;Engineer;1;5
15;Courtney;;West;9051077895;F;9602 Brown Squares;1970-03-06;878.900.7547;52922.39;2024-10-11;Developer;2;3
16;Miss;Angela;DVM;8209167051;F;30089 James Rest Apt. 442;1966-04-07;610.471.4285;144478.59;2016-03-01;Specialist;1;6
17;Michael;;Grant;9360164824;M;977 Watson Plain;1971-07-31;694.022.4555;151655.29;2017-01-15;Developer;1;6
18;Lisa;;Williams;1703775687;F;6824 Timothy Garden Apt. 428;1964-04-08;654-611-8775;170913.47;2023-11-30;Engineer;1;1
19;Eric;;Navarro;4841417822;M;961 Lindsey Flat;1974-06-28;6016884779;148759.06;2019-02-21;Manager;1;2
20;Jacob;;Hinton;4337619763;M;51108 Goodwin Flats Apt. 764;1973-07-19;+1-039-213-7658;138357.9;2017-12-21;Developer;1;6
21;Margaret;;Henderson;7533627285;F;7389 Alec Squares Suite 508;1969-07-17;926-947-1180;35362.73;2016-02-20;Designer;1;5
22;Olivia;;West;4701846867;F;758 Santana Parkway;1961-09-25;001-189-163-4896;161271.57;2023-08-26;Designer;4;1
23;William;;Lawson;9677903170;M;248 Cook Park;1977-04-11;666-022-3450;105709.87;2023-10-25;Analyst;5;6
24;Lance;;Miller;4000878209;M;0976 Williams Mountains Apt. 009;2001-06-17;(518)536-7109;105882.0;2023-05-25;Developer;5;5
25;Timothy;;Santos;4646992261;M;1830 Wallace Throughway Apt. 751;1962-06-26;7408993318;180258.78;2024-05-10;Developer;3;3
26;Elizabeth;;Wilson;7725974497;F;61162 Lacey Meadows;1987-10-29;7541511505;172415.26;2021-05-13;Engineer;1;7
27;Sandra;;Hall;2571109688;F;03104 Norris Rapids;1975-04-17;(271)754-2035;61960.22;2021-02-22;Designer;1;1
28;Edward;;Giles;8026204472;M;118 Moore Drive;1967-12-20;583.324.5602;197759.65;2015-10-18;Developer;1;6
29;Michaela;;Anderson;4978842253;F;5137 Walsh Pines Apt. 660;1987-11-03;001-573-547-1214;83750.11;2023-01-14;Manager;4;1
30;Cody;;Fisher;1750490562;M;8257 Timothy Ford Suite 079;1990-11-20;3414892671;196641.59;2023-11-30;Designer;4;5
31;David;;Gill;5226312846;M;0046 Wallace Summit;1976-08-20;(439)101-4485;62378.19;2018-03-25;Specialist;1;6
32;Scott;;Campbell;5747254822;M;447 Carroll Dam Apt. 116;1986-10-01;001-728-457-6377;178521.15;2023-12-24;Analyst;2;6
33;Matthew;;Brown;2289285412;M;93057 Oneal Branch Apt. 160;1984-01-12;1904432943;47030.72;2017-03-29;Developer;1;6
34;Mitchell;;Cruz;6715293739;M;72852 Renee Mills Suite 667;1985-12-14;001-337-390-6031;33713.73;2019-05-31;Developer;1;7
35;Logan;;Bush;6811396036;M;88697 Scott Mountains Apt. 540;1962-06-05;2504021639;176431.18;2022-03-11;Manager;1;6
36;Connie;;Lee;3612709432;F;5875 Johnson Cape;1972-05-20;(138)533-4448;49568.59;2021-04-19;Manager;1;3
37;David;;Torres;3370709331;M;7706 Stevens Crest;1965-04-09;312-637-9168;37190.59;2022-02-27;Manager;1;6
38;Catherine;;Burns;9036281722;F;6184 Jennifer Tunnel Suite 897;1995-12-07;+1-443-019-1263;124920.48;2024-03-18;Analyst;1;5
39;Anthony;;Cruz;2170313384;M;84331 Leonard Fort Suite 749;1971-02-09;(088)559-0262;173881.19;2018-06-15;Designer;1;5
40;Angela;;Hubbard;8622717311;F;23659 Cristina Coves;2001-05-14;8957740382;151100.8;2023-11-11;Developer;5;6
41;Nancy;;Payne;5633291925;F;635 Cruz Circle;1973-08-24;5357345240;93316.37;2021-07-05;Specialist;1;2
42;Anthony;;Mccoy;2517925482;M;003 Alexander Shoal Suite 105;1988-03-17;(376)254-2566;93848.42;2015-08-11;Analyst;1;1
43;Dennis;;Schmidt;9770061438;M;6208 Christy Shore;1994-06-02;001-215-323-0282;55673.94;2023-03-25;Analyst;4;3
44;Lisa;;Williams;2617130936;F;1542 Young Knolls;1970-06-28;001-654-760-4848;152144.9;2024-11-02;Analyst;1;7
45;Michael;;Bryant;4098336641;M;7004 Jonathan Springs Suite 388;1982-08-08;(431)953-9852;37004.5;2016-04-26;Manager;4;2
46;Tiffany;;Cox;7982384502;F;6962 Kristina Port Apt. 725;1960-01-30;001-749-318-6428;91354.12;2017-04-26;Specialist;1;2
47;Lynn;;Daniels;7161721350;F;0644 Branch Field Suite 208;1970-01-06;+1-965-708-6930;49532.39;2023-11-26;Designer;1;2
48;Nicolas;;Duncan;6334691567;M;1973 Shields Valley;1966-04-12;271.664.4659;82339.56;2021-01-08;Specialist;1;6
49;Alvin;;Smith;2076138659;M;6609 Gomez Port Apt. 945;1961-02-06;(782)019-5501;81454.01;2016-03-06;Analyst;2;3
50;Sarah;;Best;5404014311;F;46292 Delacruz Pass Apt. 222;1992-03-03;001-080-862-5911;48470.74;2018-11-16;Specialist;1;4
51;Erin;;Erickson;8655047056;F;78209 Darlene Bypass Suite 137;2001-01-06;782.527.8081;87303.69;2024-04-02;Analyst;1;1
52;Robin;;Miller;7234491362;F;512 Schaefer Falls Apt. 059;1972-08-08;6046092516;49721.37;2016-05-13;Developer;5;4
53;Larry;;Oliver;7243327294;M;74361 Davis Burg;1983-04-26;2690578771;81323.53;2016-04-29;Designer;1;6
54;James;;Bowers;9269829381;M;811 Howard Courts;1991-07-11;2840065282;186347.1;2018-03-06;Designer;1;5
55;Tammie;;Bowman;7978101344;F;6033 Murphy Freeway;1983-05-29;267.592.6902;167040.14;2025-05-17;Designer;5;1
56;James;;Solis;5294458604;M;58000 Ashley Drive;1969-11-13;+1-606-695-3258;167321.34;2022-05-20;Manager;2;6
57;Gregory;;Davis;9141988062;M;6363 Sanders Prairie;1964-02-22;485-809-9734;40396.55;2022-02-04;Engineer;4;1
58;Mrs.;Sherry;Williams;8359322607;F;6617 Martin Junctions;1991-09-23;(294)815-5257;124600.68;2025-05-17;Analyst;1;4
59;Jamie;;Williams;7663362932;F;646 Michael Curve;1966-12-14;+1-520-696-7116;164009.09;2018-04-29;Designer;1;6
60;Christopher;;Johnson;7412566959;M;516 Nolan Junctions Suite 826;1997-03-31;365-678-4661;101916.47;2024-03-30;Analyst;1;2
61;Peggy;;Wolfe;3205259849;F;926 Laura Branch Apt. 575;1966-10-21;+1-759-473-2881;129488.76;2022-05-27;Manager;1;4
62;Daniel;;Erickson;7034503385;M;262 Cunningham Lane;1965-05-09;+1-965-387-0791;90948.46;2022-02-24;Engineer;1;7
63;Christopher;;Weaver;5980185268;M;1176 Hawkins Greens;1992-04-07;142.512.0298;183511.82;2018-10-28;Developer;2;7
64;Scott;;Grant;3965339924;M;551 John Parks Suite 430;1993-03-04;(851)149-6356;50214.75;2018-11-02;Developer;4;3
65;John;;Gilmore;6837582024;M;216 Mason Mountains Apt. 556;1978-04-29;(641)741-7253;138969.54;2019-05-04;Manager;5;5
66;James;;Price;7500581288;M;684 Hall Path;1959-07-23;756-360-9061;47787.05;2019-12-06;Developer;4;4
67;Erin;;Wilson;2564031993;F;06802 Lorraine Rest;1973-01-05;730-896-1823;122886.51;2019-04-23;Manager;5;1
68;Janet;;Aguirre;2871804879;F;94095 Wilcox Springs Suite 298;1965-09-16;114-029-2639;55228.34;2024-02-02;Developer;1;6
69;Kristin;;Steele;3038438570;F;2785 Robert Lane Apt. 985;1975-05-05;357.607.0867;179201.62;2019-10-03;Developer;1;6
70;Brenda;;Alexander;3939902609;F;8102 Johnson Ways;2001-10-04;(763)673-2605;171700.69;2024-04-22;Developer;1;6
71;Garrett;;Stone;7797620493;M;979 Carly Bypass;1975-12-25;958.300.0237;122277.54;2022-09-08;Manager;5;1
72;Madison;;Mitchell;8228536757;F;325 Robbins Lock Suite 571;1969-06-03;126.783.5006;149950.93;2018-12-22;Designer;1;3
73;Jennifer;;Hudson;8691090044;F;028 Parker Plains;1996-01-02;197-036-9541;36029.6;2015-11-04;Manager;1;7
74;Cynthia;;Faulkner;9709715862;F;74197 Humphrey Forges Suite 685;1974-12-25;001-410-259-9718;132439.74;2023-08-09;Manager;1;7
75;Janice;;Brennan;5795751756;F;01630 Baker Crescent;1982-11-04;593-880-5880;129101.19;2021-02-01;Designer;4;6
76;Whitney;;Garcia;7705476189;F;9181 Todd Pike;1974-08-25;(183)236-3975;41281.05;2024-10-03;Engineer;1;5
77;Daniel;;Clayton;5224646352;M;015 Brennan Tunnel Suite 019;1960-05-28;124-388-5716;41280.3;2016-10-24;Manager;1;1
78;Julie;;Nguyen;2273745231;F;400 Danielle Grove Apt. 558;1979-01-03;3824906649;32598.47;2019-04-13;Developer;1;3
79;Erik;;Stokes;5822749372;M;80376 John Inlet Apt. 227;1960-06-24;001-586-183-7446;166109.73;2021-07-11;Designer;5;4
80;Brittany;;Lindsey;4388169208;F;480 Jesse View;1987-11-06;001-238-292-3840;115849.95;2022-06-16;Specialist;1;5
81;Jonathan;;Lewis;3118202029;M;80103 Cole Harbor;1987-07-07;(641)293-3008;127558.32;2023-02-10;Designer;1;7
82;Steven;;Stanley;2241909674;M;5548 Anderson Neck;1973-01-11;+1-657-472-7455;156984.12;2025-04-17;Manager;4;3
83;Stephanie;;Evans;2010352086;F;48282 Stark Green Suite 478;1962-12-30;001-347-103-9140;170368.42;2021-07-30;Developer;1;7
84;Debra;;Craig;3820358115;F;243 Morrow Streets;1984-03-02;(196)102-0984;133263.08;2018-10-17;Manager;1;7
85;Robert;;Crawford;1011806122;M;028 Robert Isle Apt. 052;1980-12-16;+1-477-954-1721;141687.37;2023-01-24;Engineer;2;6
86;Christopher;;Bradshaw;4291169786;M;127 Parks Courts;1988-06-02;415-881-0090;81415.15;2021-12-30;Specialist;4;3
87;Karen;;Johnson;1603186606;F;930 Robert Burgs Apt. 962;1997-07-28;001-466-807-8282;41155.54;2025-04-03;Analyst;1;7
88;Debra;;Lewis;3940529387;F;104 Kendra Village;1993-12-20;(150)525-9115;161321.63;2018-12-20;Developer;5;7
89;Evelyn;;Washington;1362312522;F;6687 Stone Forges Apt. 685;1969-07-13;220-691-1849;40583.99;2020-08-05;Designer;1;2
90;Max;;Acosta;8794989755;M;538 Jessica Tunnel Suite 580;1976-06-11;001-171-569-3808;78805.02;2024-02-01;Analyst;2;1
91;Andrew;;Howard;9342909056;M;4776 Lisa Trail;1975-07-08;+1-752-078-2649;111826.17;2018-05-25;Manager;1;4
92;Ethan;;Murphy;7139798186;M;6433 Estes Plain;1999-05-27;(739)592-5324;144502.45;2017-05-25;Manager;1;7
93;Jillian;;Harris;4445210830;F;46483 Anthony Island Apt. 033;2000-07-17;(871)484-7656;99893.83;2016-05-16;Specialist;4;4
94;Ashley;;Brown;5222755881;F;874 Farrell Orchard Suite 311;2002-03-11;809-859-1930;108010.0;2016-02-24;Engineer;1;4
95;Rodney;;Blair;6144667391;M;29322 Jonathan Turnpike Suite 294;1973-05-11;262-390-5872;33438.77;2020-01-21;Specialist;1;5
96;Nathan;;Williamson;1947357666;M;90622 Ryan Parkway;1981-02-19;275.734.3157;137094.27;2020-01-29;Engineer;3;6
97;Leah;;Campbell;2685627801;F;1918 Jennifer Mount;1969-04-04;(483)214-7568;63145.52;2017-08-03;Developer;5;1
98;Micheal;;Carroll;3817770255;M;789 Clark Ford Suite 118;1986-10-23;872-033-3196;133720.36;2022-05-12;Developer;1;5
99;Sandra;;Lewis;1853460693;F;31829 Andrea Pike Suite 964;1991-07-10;+1-905-530-3738;140580.27;2023-03-02;Designer;1;6
100;Lindsey;;Huff;6540588784;F;419 Margaret Land Apt. 326;1975-10-13;7428521855;164056.3;2016-09-24;Manager;1;4
101;Roberta;;Lee;9567179882;F;660 Scott Heights Apt. 839;1992-09-28;(292)964-3122;185870.86;2018-07-02;Designer;4;7
102;Edwin;;Harrison;9956222281;M;117 Abigail Burgs Apt. 749;1976-12-04;001-862-319-8273;118231.24;2017-11-25;Manager;4;1
103;Valerie;;Charles;1761550922;F;1497 Lane Canyon;1964-07-13;(705)546-6043;105578.53;2019-01-22;Manager;4;4
104;Leslie;;Thomas;6209789120;F;46988 Jennifer Stravenue Suite 341;1989-09-27;+1-434-415-2706;164224.98;2022-08-28;Engineer;2;1
105;Ryan;;Manning;1836040671;M;1643 Beard Greens;1994-07-09;(297)420-3541;112648.07;2018-09-21;Engineer;1;5
106;Richard;;Anderson;3752956189;M;7725 Sweeney Lodge;1984-04-04;001-118-721-0867;69041.39;2019-06-27;Designer;5;7
107;Michelle;;Henderson;6026908708;F;185 Tanya Alley Apt. 557;1972-12-12;597.482.7601;116208.14;2015-07-12;Engineer;1;2
108;Misty;;Edwards;8637229926;F;89403 Gabriella Mills;1970-09-18;(742)790-8601;181613.16;2017-02-26;Developer;1;1
109;Mark;;James;2648583798;M;988 Lopez Route Apt. 969;1975-05-08;585-774-5422;100659.0;2021-10-12;Engineer;1;4
110;Richard;;Warner;3901695874;M;78236 Arnold Bypass;1992-11-23;(775)039-3172;154827.49;2020-03-11;Engineer;1;7
111;Jessica;;Stephens;4928378107;F;467 Brown Camp;1965-04-21;(666)347-6806;103284.67;2022-03-27;Developer;3;1
112;Jessica;;Novak;7874850892;F;546 Michael Manors Suite 741;1974-11-17;360-952-2711;186278.0;2015-08-13;Analyst;1;6
113;Victoria;;Hull;2853293486;F;7480 Timothy Coves Apt. 744;1979-12-26;(094)571-0437;43351.55;2016-08-08;Engineer;1;1
114;Amanda;;Frost;2584187876;F;0009 Eric Ranch Apt. 719;1968-12-03;8211191317;147601.78;2022-10-23;Analyst;4;3
115;John;;Heath;1437534609;M;682 Courtney Bypass Apt. 165;1995-06-03;898-643-9129;31693.92;2021-10-20;Manager;1;7
116;April;;Scott;4879331285;F;77244 Monica Extensions;1983-05-09;001-531-872-4531;41987.99;2017-03-14;Manager;1;2
117;Raymond;;Branch;7688663378;M;536 Tammy Manor;1995-12-30;240-415-6043;64814.44;2024-05-10;Designer;1;6
118;Christopher;;Gonzalez;3548202874;M;0400 Mark Lodge Apt. 983;1961-08-05;+1-837-879-9555;157156.06;2018-08-12;Analyst;1;3
119;Steven;;Bowen;9250013754;M;397 Todd Estates;1969-12-01;+1-667-341-2904;188573.97;2022-03-20;Manager;1;7
120;Steven;;Fisher;7117509032;M;49544 Bennett Passage Apt. 788;1973-04-05;(460)068-1400;61788.59;2023-06-22;Engineer;1;4
121;Kristi;;Quinn;9159809251;F;095 Kyle Cliff;1974-05-13;297-275-7274;150271.68;2023-10-21;Analyst;5;2
122;Joseph;;Mcbride;5487904990;M;8914 William Drive Apt. 530;1961-04-13;719.802.7929;194308.27;2017-09-01;Analyst;1;3
123;Susan;;Williams;3908361927;F;495 Kaylee Shoals Suite 663;1965-08-29;(476)762-6363;193354.21;2021-08-14;Analyst;1;5
124;Rita;;Cooper;5991909258;F;537 Collin Radial;2000-08-01;521.524.5116;61287.74;2021-02-11;Engineer;1;1
125;Sharon;;Lopez;8084925653;F;82731 Mosley Coves;1962-12-01;(167)722-0121;56588.52;2016-11-02;Manager;1;2
126;Brett;;Castaneda;9158908123;M;87452 Green Fall Apt. 138;1983-10-12;+1-715-864-7025;83701.54;2017-08-01;Manager;2;2
127;Jeremiah;;Garcia;4228169357;M;2339 Keller Wall;1982-10-27;001-784-409-9243;79480.12;2023-12-17;Developer;4;6
128;Roy;;Collins;1747302445;M;8889 Berg Island;2000-11-01;357-280-7201;176365.68;2020-11-28;Specialist;5;1
129;Mary;;Cannon;3900073676;F;256 Kemp Fords;1986-02-17;001-093-907-0623;43246.59;2020-03-21;Engineer;1;2
130;Paula;;Chavez;7544060441;F;4847 Morales Isle Suite 403;1991-03-22;001-466-227-3293;80895.73;2025-06-09;Developer;2;6
131;Matthew;;Martinez;5023788247;M;10801 Nicole Ramp Apt. 293;2003-05-31;(511)672-5983;130483.01;2025-02-22;Analyst;1;6
132;Donna;;Taylor;4882501790;F;44527 Payne Throughway;1965-08-05;(003)563-5691;44374.47;2023-11-02;Developer;1;6
133;Janet;;Klein;6776168946;F;84709 Melissa Street;1997-05-28;001-571-647-4060;138297.57;2023-03-14;Specialist;5;1
134;Bonnie;;Cardenas;6710413078;F;7095 Robert Burg;1979-10-10;(921)687-8265;99466.46;2017-09-11;Developer;1;6
135;Kristina;;Bird;1354039687;F;37306 Baker Ramp;1976-08-22;804.763.7089;105020.56;2025-01-07;Analyst;4;3
136;Rebecca;;Thompson;8372387427;F;56244 Michelle Burgs;1964-09-24;(661)193-8135;45479.6;2023-02-23;Manager;5;7
137;Mike;Bauer;DDS;3612704522;M;3807 Andre Causeway Apt. 273;1994-11-25;991-258-0954;77084.94;2015-08-27;Specialist;1;5
138;Hector;;Murphy;8587188886;M;9250 Mary Ranch;1986-09-12;6369740297;165261.72;2024-08-06;Developer;5;4
139;Ricardo;;Barnett;4425685092;M;6923 Anthony Canyon;1986-04-17;(426)056-8385;160498.93;2023-10-28;Developer;4;2
140;Mark;;Monroe;6153866124;M;293 Austin Crest Suite 554;1969-03-28;(964)061-9726;193120.49;2019-03-23;Analyst;1;5
141;James;;Castro;8790094028;M;983 William Oval;1974-09-15;001-181-224-0512;90412.47;2024-06-07;Designer;1;6
142;Christopher;;Butler;8681968446;M;83794 Hensley Trail;1963-07-12;001-394-351-4754;112158.96;2018-10-05;Manager;2;3
143;David;;Krause;1855811530;M;84256 Natalie Skyway Apt. 861;1976-09-22;001-384-118-6852;171129.54;2020-06-17;Developer;1;5
144;Stephanie;;Wright;2033136528;F;56451 Steven Road Suite 821;1990-10-23;(759)472-4061;31322.03;2017-05-14;Analyst;4;1
145;Crystal;;Garrett;9723634651;F;6853 Frank Run;1966-10-28;892-457-8362;122685.38;2018-08-17;Manager;3;4
146;Mrs.;Mary;Johnson;1643469712;F;318 Jill Neck Suite 459;1965-08-12;064.853.9541;45734.02;2023-02-08;Developer;1;7
147;Andrew;;Davis;8571316903;M;0553 Cross Knolls Suite 306;2002-03-19;001-846-908-1506;122435.94;2017-11-19;Developer;1;3
148;Calvin;;Douglas;7684377507;M;539 Kathryn Shores;1988-11-27;401-746-3270;50541.37;2017-01-03;Designer;4;1
149;Anthony;;Walker;6266365011;M;9585 Archer Ridges Apt. 323;1975-03-30;210-981-9967;73617.89;2023-02-06;Specialist;1;5
150;Nancy;;Farmer;3242516347;F;484 Larson Throughway;1962-11-14;993.648.4159;105579.37;2023-02-20;Designer;4;3
151;Sydney;;Velasquez;9917367041;F;0159 Angela Ports Apt. 004;1990-12-04;807-348-4436;78177.41;2023-01-18;Designer;1;2
152;Eric;;Smith;8621052168;M;1267 Cervantes Harbors;2001-12-16;+1-328-774-7112;36026.66;2021-07-27;Analyst;1;3
153;Meagan;;Thompson;3044930720;F;4951 Calderon Valley Suite 925;2001-05-01;470-723-5310;50091.42;2016-01-27;Manager;1;7
154;Michael;;Stevens;2073935977;M;1680 Garcia Centers;1960-02-28;689-415-7954;41575.8;2024-04-16;Analyst;4;3
155;Joseph;;Smith;8807132824;M;83183 Lori Plain Suite 239;1992-12-15;+1-762-742-0545;127576.91;2020-02-10;Designer;1;2
156;Aaron;;Garrison;5066415589;M;592 Bob Place;1970-07-07;001-212-282-6605;99836.77;2020-05-07;Designer;1;5
157;Kristy;;Smith;5337897845;F;1955 Robert Lake Suite 238;1972-01-26;+1-281-599-8919;156042.6;2023-05-29;Analyst;1;3
158;Cathy;;Barnes;5713308559;F;2571 Hogan Grove;1983-05-22;(633)297-9693;93206.74;2015-06-22;Designer;1;2
159;Andre;;Ortiz;6962840807;M;0936 Randall Park;2000-04-08;(660)422-5189;50960.7;2017-08-02;Engineer;1;4
160;Tiffany;;Ellis;8604580418;F;8349 Travis Dam Suite 350;1978-12-21;+1-630-396-2498;130480.62;2025-01-19;Manager;4;5
161;Sheila;;Friedman;7358284224;F;209 Sandoval Manors Suite 424;1993-05-21;693-732-7706;90189.84;2022-09-06;Developer;1;6
162;Debra;;Hernandez;6193962071;F;53992 Daniel Glen;1998-07-24;420-495-1645;67061.69;2017-04-12;Developer;1;6
163;Dr.;Rhonda;Johnson;8424306924;F;9316 Herring Corner Suite 852;1962-03-11;2650558996;113762.36;2024-08-13;Engineer;1;4
164;Michelle;;Garcia;3378645064;F;8620 Samantha Route;1983-07-26;691.635.1124;54277.94;2019-06-16;Developer;1;1
165;Nicolas;;Jackson;6947189158;M;08463 Lisa Ridges;1984-02-23;+1-548-379-3909;34342.96;2016-01-31;Developer;4;4
166;Gary;;Howell;1420210566;M;116 Hernandez Islands Apt. 232;1962-02-21;001-907-788-3633;173858.22;2018-06-02;Engineer;1;6
167;Brian;;Hayes;7339348550;M;72939 Bell Greens Suite 229;1996-04-22;139.594.0473;146670.41;2020-10-20;Designer;3;6
168;Robin;;Simmons;9698562806;F;006 Chavez Row;1961-03-26;+1-616-405-0051;31091.99;2015-09-07;Engineer;4;1
169;Joseph;;Garcia;3322121083;M;964 Daniel Crossing;1970-01-10;+1-337-946-3088;199946.47;2023-10-01;Designer;1;6
170;Shelby;;Anderson;8126780225;F;31267 Scott Valleys;1972-07-05;+1-086-279-2046;153606.99;2025-05-13;Manager;2;2
171;Joy;;Newton;7102534723;F;48835 Allen Pass;1989-01-01;465-531-4431;62504.74;2018-03-27;Developer;4;4
172;Jennifer;;Marshall;4641842101;F;561 Gonzales Court Apt. 184;1977-06-23;6630920665;95302.13;2022-09-17;Analyst;1;4
173;Jamie;;Adams;3535924015;F;29832 Coleman Parkways;1979-04-23;001-731-429-3320;55163.28;2015-10-17;Designer;5;2
174;Rhonda;;Waller;3800958820;F;08651 Johnson Springs;1990-11-24;001-834-606-7723;51967.92;2024-05-09;Manager;4;4
175;Patricia;;Sweeney;9260631334;F;3905 Mosley Squares Apt. 170;1991-12-23;(462)082-2634;164187.42;2016-04-26;Developer;1;4
176;Allison;;Mack;6401975594;F;8552 Dawn Plain Apt. 122;1982-06-12;(384)554-8081;96221.19;2016-09-15;Manager;1;7
177;Nathan;;Huff;5924668115;M;8056 Campbell Corner;2002-08-19;001-785-938-0378;104676.25;2022-05-24;Manager;1;5
178;Joshua;;Ball;9277729466;M;0854 Anderson Fields;2001-12-13;374-006-6802;183989.76;2020-01-08;Engineer;5;2
179;Jonathan;;Cunningham;4108989001;M;06645 William Throughway Apt. 999;1961-12-06;334.227.3013;178071.59;2017-12-03;Analyst;4;1
180;Michael;;Snow;3816707525;M;7619 Davis Mount;1984-03-14;990.157.3441;69620.91;2015-07-01;Analyst;4;5
181;Michael;;Graham;6156628087;M;8687 Eric Avenue;1995-03-01;165.219.9579;149837.03;2016-04-25;Specialist;1;7
182;Veronica;;Medina;9598233803;F;74785 Harvey Run Suite 367;1983-05-20;275.149.3928;161143.2;2015-07-09;Analyst;1;4
183;Lauren;;Saunders;7680046595;F;06546 Jacqueline Bypass Apt. 361;1962-08-15;(793)140-2790;39169.8;2022-11-22;Designer;1;5
184;Veronica;;Mcclain;1932180160;F;007 Rivera Rue;1964-05-03;9003640741;128763.22;2024-11-24;Developer;1;3
185;Jacqueline;;Flores;4369856526;F;322 Jones Heights Suite 684;1995-07-04;(156)120-6809;66621.33;2020-01-27;Analyst;1;1
186;Paul;;Davila;9323386567;M;00035 Crystal Via;1965-08-29;470-163-4499;38934.06;2021-09-29;Analyst;4;1
187;Rachel;;Lowery;1231824363;F;5402 Rogers Ford Apt. 658;1964-05-30;(293)814-8605;141286.69;2019-02-09;Manager;4;1
188;Krystal;;Mccarty;3170320877;F;59559 Lisa Manors Apt. 566;1984-11-22;256.684.3316;145685.68;2018-12-23;Specialist;1;4
189;Anthony;;Morton;9401306171;M;98905 Frank Mountain;1987-09-14;445-627-2726;107129.71;2017-11-29;Analyst;4;5
190;Gabriel;;Harris;6538455207;M;78930 Alvarez Freeway;1964-08-15;393.550.4405;133080.27;2016-06-15;Engineer;1;7
191;Jennifer;;Quinn;3977145866;F;8505 Christopher Oval Apt. 380;1966-11-08;(162)799-4960;84897.93;2018-04-10;Developer;2;3
192;Julia;;Thompson;1820647684;F;776 Roberson Terrace;1990-05-05;998-129-0777;34900.95;2021-01-06;Engineer;1;2
193;Cynthia;;Matthews;5074123232;F;24882 Harrell Road Apt. 463;1963-09-21;+1-562-687-1465;43619.71;2022-06-12;Specialist;1;3
194;Adam;;Frost;2576075131;M;0663 Rollins Run;2002-04-22;001-651-034-1341;172339.45;2022-11-03;Analyst;4;6
195;Eileen;;Ochoa;1671455825;F;27910 Bridges Stream Suite 388;1968-12-30;+1-542-256-4577;83079.46;2019-01-03;Developer;1;3
196;Jennifer;;Woodward;7173236517;F;7505 Diaz Roads;1989-04-22;184-496-5715;88469.86;2023-01-18;Designer;4;2
197;Mr.;Andrew;Weaver;3738459415;M;97896 Gabrielle Circle Suite 883;2000-08-14;+1-318-618-0455;81988.5;2016-04-25;Specialist;1;1
198;Nicholas;;Hernandez;3526949381;M;7498 Kelly Gateway Apt. 733;1977-11-14;(395)216-3399;108358.28;2023-09-19;Designer;4;4
199;Luis;;Meadows;2321675521;M;51744 Bennett Forges;1997-07-07;(891)565-1829;185915.18;2021-12-28;Developer;1;4
200;Rebecca;;Ferguson;3927557396;F;14038 Chandler Points;1983-03-01;001-189-703-8606;104818.46;2019-08-07;Engineer;1;1
